[
    {
        "category": "Cinema",
        "events": [
            {
                "name": "Aladdin",
                "image": "https://storage.googleapis.com/amazing-events-3132/events/cinema1.jpg",
                "description": "We invite you watch Disney's classic character in new adventures.",
            },{
                "name": "The new mutants",
                "image": "https://storage.googleapis.com/amazing-events-3132/events/cinema2.jpg",
                "description": "Five young mutants discover their abilities while being held in a secret facility against their will, struggling to escape their past sins and save themselves."
            }
        ]
    },{
        "category": "Museum",
        "events": [
            {
                "name": "Parisian Museum",
                "image": "https://storage.googleapis.com/amazing-events-3132/events/mus2.jpg",
                "description": "A unique tour in the city of lights, get to know one of the most iconic places.",
            },{
                "name": "Jurassic Park",
                "image": "https://storage.googleapis.com/amazing-events-3132/events/mus1.jpg",
                "description": "Let's go meet the biggest dinosaurs in the paleontology museum."
            }
        ]
    },{
        "category": "Race",
        "events": [
            {
                "name": "For Life 2nd Edition",
                "image": "https://storage.googleapis.com/amazing-events-3132/events/maraton1.jpg",
                "description": "If you enjoyed las year's edition you'll love this one."
            },{
                "name": "Cancer Marathon",
                "image": "https://storage.googleapis.com/amazing-events-3132/events/maraton8.jpg",
                "description": "We'll be raising funds for the cancer patients."
            }
        ]
    },{
        "category": "Party",
        "events": [
            {
                "name": "Comicon",
                "image": "https://storage.googleapis.com/amazing-events-3132/events/party2.jpg",
                "description": "For comic lovers, all your favourite characters gathered in one place."
            },{
                "name": "Spring Day",
                "image": "https://storage.googleapis.com/amazing-events-3132/events/party3.jpg",
                "description": "Come celebrate spring dressed as your favourite character."
            }
        ]
    },{
        "category": "Concert",
        "events": [
            {
                "name": "Metallica in concert",
                "image": "https://storage.googleapis.com/amazing-events-3132/events/concer1.jpg",
                "description": "The only concert of the most emblematic band in the world."
            },{
                "name": "Reggaeton 2022",
                "image": "https://storage.googleapis.com/amazing-events-3132/events/concer6.jpg",
                "description": "Get ready to dance to the rhythm of the best bands."
            }
        ]
    }
]